[
	{
		"time_start": "2019/08/13 오후 3:04:32",
		"source_ip": "-757408879",
		"dest_ip": "-874088599",
		"protocol_n": "6",
		"STRTITLE": "xmas scan",
		"source_mac": "C0.67.AF.4A.A8.80",
		"dest_mac": "50.3D.E5.FF.2C.80",
		"pkt_size": "148"
	},
	{
		"time_start": "2019/08/13 오후 3:04:32",
		"source_ip": "-757408879",
		"dest_ip": "-874088599",
		"protocol_n": "6",
		"STRTITLE": "xmas scan",
		"source_mac": "C0.67.AF.4A.A8.80",
		"dest_mac": "50.3D.E5.FF.2C.80",
		"pkt_size": "148"
	},
	{
		"time_start": "2019/08/13 오후 3:04:32",
		"source_ip": "-757408879",
		"dest_ip": "-874088599",
		"protocol_n": "6",
		"STRTITLE": "tcp null scan",
		"source_mac": "C0.67.AF.4A.A8.80",
		"dest_mac": "50.3D.E5.FF.2C.80",
		"pkt_size": "148"
	},
	{
		"time_start": "2019/08/13 오후 3:04:32",
		"source_ip": "-757408875",
		"dest_ip": "-874088599",
		"protocol_n": "6",
		"STRTITLE": "xmas scan",
		"source_mac": "C0.67.AF.4A.A8.80",
		"dest_mac": "50.3D.E5.FF.2C.80",
		"pkt_size": "148"
	},
	{
		"time_start": "2019/08/13 오후 3:04:32",
		"source_ip": "-757408879",
		"dest_ip": "-874088599",
		"protocol_n": "6",
		"STRTITLE": "tcp null scan",
		"source_mac": "C0.67.AF.4A.A8.80",
		"dest_mac": "50.3D.E5.FF.2C.80",
		"pkt_size": "148"
	}
]